short_name,age,height_cm,weight_kg,nationality,club,league,overall,potential,value_eur,wage_eur,player_positions,work_rate,international_reputation,skill_moves,team_position,pace,shooting,passing,dribbling,defending,physic,gk_total,gk_diving,gk_handling,gk_kicking,gk_reflexes,gk_speed,gk_positioning,attacking_total,attacking_crossing,attacking_finishing,attacking_heading_accuracy,attacking_short_passing,attacking_volleys,skills_total,skill_dribbling,skill_curve,skill_fk_accuracy,skill_long_passing,skill_ball_control,movement_total,movement_acceleration,movement_sprint_speed,movement_agility,movement_reactions,movement_balance,power_total,power_shot_power,power_jumping,power_stamina,power_strength,power_long_shots,mentality_total,mentality_aggression,mentality_interceptions,mentality_positioning,mentality_vision,mentality_penalties,mentality_composure,defending_total,defending_marking,defending_standing_tackle,defending_sliding_tackle
Cristiano Ronaldo,32,185,80,Portugal,Real Madrid,Spain Primera Division,94,94,95500000,565000,"LW, ST",High,5,5,LW,90,93,82,90,33,80,0,,,,,,,87,85,94,88,83,88,83,91,81,76,77,93,85,89,91,89,96,63,90,94,95,92,80,92,75,63,29,95,85,85,95,25,22,31,23
L. Messi,30,170,72,Argentina,FC Barcelona,Spain Primera Division,93,93,105000000,565000,RW,Medium,5,4,RW,89,90,86,96,26,61,0,,,,,,,83,77,95,71,88,85,91,97,89,90,87,95,91,92,87,90,95,95,74,85,68,73,59,88,70,48,22,93,90,74,96,22,13,28,26
Neymar,25,175,68,Brazil,Paris Saint-Germain,French Ligue 1,92,94,123000000,280000,LW,High,5,5,LW,92,84,79,95,30,60,0,,,,,,,78,75,89,62,81,83,86,96,81,84,75,95,90,94,90,96,88,82,69,80,61,78,53,77,72,56,36,90,80,81,92,26,21,24,33
M. Neuer,31,193,92,Germany,FC Bayern Munchen,German Bundesliga,92,92,61000000,230000,GK,Medium,5,1,GK,,,,,,,86,91,90,95,89,60,91,23,15,13,25,55,11,32,30,14,11,59,48,58,58,61,52,85,35,49,25,78,44,83,16,43,29,30,12,70,47,70,10,10,10,11
L. Su√°rez,30,182,86,Uruguay,FC Barcelona,Spain Primera Division,92,92,97000000,510000,ST,High,5,4,ST,82,90,79,87,42,81,0,,,,,,,83,77,94,77,83,88,82,86,86,84,64,91,80,88,77,86,93,60,82,87,69,89,80,86,77,78,41,92,84,85,83,37,30,45,38
R. Lewandowski,28,185,79,Poland,FC Bayern Munchen,German Bundesliga,91,91,92000000,355000,ST,High,4,3,ST,81,88,75,86,38,82,0,,,,,,,81,62,91,85,83,87,80,85,77,84,65,89,82,79,83,78,91,80,83,88,84,79,84,83,76,80,39,91,78,81,87,28,25,42,19
De Gea,26,193,76,Spain,Manchester United,English Premier League,90,92,64500000,215000,GK,Medium,4,1,GK,,,,,,,82,90,85,87,90,58,86,22,17,13,21,50,13,30,18,21,19,51,42,61,57,58,60,88,43,42,31,67,40,64,12,42,38,30,12,68,40,64,15,13,21,13
E. Hazard,26,173,76,Belgium,Chelsea,English Premier League,90,91,90500000,295000,LW,High,4,4,LW,90,82,84,92,32,66,0,,,,,,,77,80,83,57,86,79,85,93,82,79,81,92,89,93,87,93,85,91,72,79,59,79,65,82,73,54,41,85,86,86,87,24,25,27,22
Sergio Ramos,31,183,75,Spain,Real Madrid,Spain Primera Division,90,90,52000000,310000,CB,High,4,3,LCB,76,63,71,71,88,83,0,,,,,,,72,66,60,91,78,66,71,61,73,67,72,84,75,75,77,79,85,60,78,79,93,84,81,55,72,84,88,52,63,68,80,88,86,89,91
G. Higua√≠n,29,184,87,Argentina,Juventus,Italian Serie A,90,90,77000000,275000,ST,High,4,3,ST,79,87,70,83,25,74,0,,,,,,,81,68,91,86,75,88,72,84,74,62,59,85,78,78,80,75,88,69,81,88,79,72,85,82,64,50,20,92,70,70,86,17,12,22,18
T. Kroos,27,182,78,Germany,Real Madrid,Spain Primera Division,90,90,79000000,340000,"CM, CDM",Medium,4,3,LCM,56,81,89,81,73,70,0,,,,,,,77,85,76,54,90,82,86,79,85,84,93,89,67,60,52,71,86,69,72,87,32,77,74,90,78,60,85,79,88,73,85,71,63,82,69
T. Courtois,25,199,94,Belgium,Chelsea,English Premier League,89,92,59000000,190000,GK,Medium,4,1,GK,,,,,,,78,85,91,69,88,49,86,17,14,14,13,32,12,19,13,19,11,31,23,57,46,52,61,81,45,45,36,68,38,70,17,29,23,15,13,44,27,52,15,11,18,16
K. De Bruyne,26,181,68,Belgium,Manchester City,English Premier League,89,92,83000000,285000,"CAM, CM, RM",High,4,4,RCM,75,84,88,85,45,75,0,,,,,,,79,90,83,53,90,82,84,85,83,83,84,87,78,76,75,80,88,75,79,85,65,87,73,86,76,68,56,84,90,77,84,40,30,51,40
G. Buffon,39,191,94,Italy,Juventus,Italian Serie A,89,89,4500000,110000,GK,Medium,4,1,GK,,,,,,,78,89,88,74,84,46,90,19,13,15,13,37,17,24,26,20,13,35,28,55,49,43,55,80,49,47,39,75,39,69,13,36,38,28,12,50,22,70,10,10,11,11
G. Chiellini,32,187,85,Italy,Juventus,Italian Serie A,89,89,38000000,225000,CB,Low,4,2,LCB,74,46,56,59,90,85,0,,,,,,,55,58,33,84,59,45,53,58,60,31,59,57,70,68,78,59,82,64,75,78,89,68,91,49,65,92,88,28,50,50,82,91,92,92,90
S. Ag√ºero,29,173,70,Argentina,Manchester City,English Premier League,89,89,66500000,325000,ST,High,4,4,RS,87,88,75,89,23,72,0,,,,,,,78,70,90,68,79,85,79,89,82,72,63,89,88,90,84,86,89,91,79,88,80,74,74,83,72,63,24,91,83,83,90,15,13,20,12
G. Bale,27,183,74,Wales,Real Madrid,Spain Primera Division,89,89,69500000,370000,RW,High,4,4,RW,94,87,84,86,57,76,0,,,,,,,84,87,87,86,86,76,85,89,86,85,80,87,83,93,95,77,87,65,84,91,85,76,80,90,75,65,59,86,79,76,85,52,51,55,52
L. Modriƒá,31,174,65,Croatia,Real Madrid,Spain Primera Division,89,89,57000000,340000,"CM, CDM",High,4,4,RCM,73,75,86,89,72,65,0,,,,,,,74,78,71,55,92,74,83,86,79,77,83,92,84,75,71,93,88,94,72,73,67,82,58,82,78,62,76,79,90,80,84,73,66,80,73
A. S√°nchez,28,169,62,Chile,Arsenal,English Premier League,89,89,67500000,265000,"LM, ST, LW, RM",High,4,4,LW,86,84,80,89,40,78,0,,,,,,,79,80,85,70,81,83,81,90,78,78,73,87,87,88,84,90,87,87,81,84,85,85,72,82,75,80,42,86,83,77,86,34,30,39,35
J. Oblak,24,189,82,Slovenia,Atletico Madrid,Spain Primera Division,88,93,57000000,82000,GK,Medium,3,1,GK,,,,,,,79,84,90,77,84,52,87,16,13,11,15,29,13,16,12,13,14,26,16,60,43,60,67,84,49,45,22,76,41,78,12,30,34,19,11,55,11,55,14,14,12,18
P. Dybala,23,177,73,Argentina,Juventus,Italian Serie A,88,93,79000000,215000,"CAM, ST",High,3,4,CAM,86,85,81,91,24,67,0,,,,,,,80,80,85,68,83,88,85,92,88,84,71,93,86,88,84,91,84,85,78,82,75,83,65,88,68,48,24,84,84,86,84,18,14,20,20
A. Griezmann,26,174,72,France,Atletico Madrid,Spain Primera Division,88,91,75000000,150000,"ST, RW, LW",High,4,4,LS,86,85,78,87,30,68,0,,,,,,,83,82,88,80,79,87,81,87,84,75,75,86,86,87,86,90,90,80,77,81,87,76,61,82,71,69,35,91,76,71,86,18,23,22,11
Thiago,26,174,70,Spain,FC Bayern Munchen,German Bundesliga,88,90,70500000,225000,"CM, CAM, CDM",Medium,3,5,RDM,72,75,85,90,62,63,0,,,,,,,76,72,69,58,91,90,86,90,85,77,90,92,81,77,68,90,84,86,73,75,75,75,59,82,77,57,78,83,86,75,83,58,49,64,62
A. Robben,33,180,80,Netherlands,FC Bayern Munchen,German Bundesliga,88,88,36000000,225000,"RM, RW",High,4,4,RW,86,86,81,91,32,63,0,,,,,,,77,80,85,51,84,86,84,92,87,81,71,89,88,87,86,89,87,91,74,87,61,68,67,88,70,47,39,85,83,80,86,27,29,26,26
Z. Ibrahimoviƒá,35,195,95,Sweden,Manchester United,English Premier League,88,88,27000000,240000,ST,Medium,5,4,ST,65,88,81,82,32,82,0,,,,,,,83,76,87,80,84,90,82,82,82,82,76,88,67,63,67,81,86,41,80,91,69,71,88,85,75,84,20,86,83,91,91,27,15,41,27
Thiago Silva,32,183,79,Brazil,Paris Saint-Germain,French Ligue 1,88,88,34000000,175000,CB,High,4,3,LCB,72,56,73,73,89,79,0,,,,,,,64,60,38,82,79,63,71,68,61,67,81,80,74,70,74,74,84,68,78,74,93,74,81,71,75,77,89,59,74,71,83,89,90,89,88
H. Lloris,30,188,82,France,Tottenham Hotspur,English Premier League,88,88,38000000,165000,GK,Medium,4,1,GK,,,,,,,79,88,86,68,90,64,82,18,13,10,10,50,11,23,10,11,10,50,34,64,65,63,55,85,54,39,23,74,41,43,14,33,31,27,10,30,40,61,13,12,10,18
M. √ñzil,28,180,76,Germany,Arsenal,English Premier League,88,88,60000000,265000,"CAM, RW",Medium,4,4,RW,71,74,87,86,24,58,0,,,,,,,75,82,74,54,89,77,84,86,84,79,84,90,76,75,68,83,87,70,64,70,52,69,57,76,65,48,24,83,92,67,78,19,22,16,19
M. Hummels,28,191,92,Germany,FC Bayern Munchen,German Bundesliga,88,88,48000000,215000,CB,High,4,2,LCB,64,58,75,71,89,76,0,,,,,,,69,64,55,89,80,60,69,68,65,53,85,77,66,62,65,64,85,58,68,71,68,66,85,51,74,66,89,56,79,68,91,89,85,92,90
D. God√≠n,31,186,78,Uruguay,Atletico Madrid,Spain Primera Division,88,88,40000000,125000,CB,Medium,3,2,LCB,65,48,65,63,88,78,0,,,,,,,63,55,42,92,79,47,59,53,49,51,70,76,67,62,67,63,85,58,69,67,89,67,80,43,67,86,88,48,52,50,82,87,87,86,89
J. Boateng,28,192,90,Germany,FC Bayern Munchen,German Bundesliga,88,88,48000000,215000,CB,Medium,4,2,RCB,75,50,72,67,88,84,0,,,,,,,63,69,34,85,75,53,61,67,56,31,80,71,68,72,78,58,82,53,75,79,75,74,91,58,70,82,83,47,76,46,86,89,88,91,90
L. Bonucci,30,190,85,Italy,Milan,Italian Serie A,88,88,44000000,210000,CB,Low,3,2,RCB,68,54,70,70,87,81,0,,,,,,,61,44,39,88,79,58,69,69,56,61,85,75,66,62,72,60,86,52,76,74,85,73,85,65,73,82,90,38,74,70,84,86,84,88,88
P. Aubameyang,28,187,80,Gabon,Borussia Dortmund,German Bundesliga,88,88,61000000,165000,ST,Medium,3,3,ST,96,84,75,81,37,71,0,,,,,,,81,77,88,79,77,86,76,82,78,74,64,82,85,95,96,77,87,70,78,81,77,79,77,79,70,43,48,89,77,79,84,29,28,25,36
P. Pogba,24,191,84,France,Manchester United,English Premier League,87,92,66500000,195000,"CM, CDM",High,4,5,RDM,74,79,84,85,68,88,0,,,,,,,78,78,71,73,86,85,85,86,84,82,88,89,73,72,76,76,84,61,87,90,85,91,91,82,78,75,68,83,86,76,85,66,66,68,66
C. Eriksen,25,182,76,Denmark,Tottenham Hotspur,English Premier League,87,91,65000000,165000,"CAM, RM, LM",High,3,4,RM,75,78,88,84,47,63,0,,,,,,,75,86,76,52,89,74,85,84,85,87,86,87,78,77,74,78,83,82,73,80,57,90,57,84,70,44,55,81,90,67,87,38,38,56,22
M. Verratti,24,165,60,Italy,Paris Saint-Germain,French Ligue 1,87,91,64500000,130000,"CM, CDM",High,3,3,RCM,65,59,84,89,79,68,0,,,,,,,67,72,58,55,90,64,80,90,73,64,89,88,79,69,62,87,87,94,62,56,64,77,56,58,81,89,86,71,88,64,91,79,76,84,79
N. Kant√©,26,168,68,France,Chelsea,English Premier League,87,90,52500000,190000,"CDM, CM",Medium,3,3,RCM,81,66,75,79,81,84,0,,,,,,,65,67,65,54,84,56,66,77,49,49,79,79,84,82,80,83,87,90,77,72,79,94,77,66,77,90,91,71,76,54,84,83,75,89,85
Piqu√©,30,194,85,Spain,FC Barcelona,Spain Primera Division,87,87,37500000,240000,CB,High,4,2,RCB,65,61,69,65,86,76,0,,,,,,,68,57,64,83,81,57,63,59,58,43,80,78,62,55,73,58,84,42,67,62,74,66,83,51,72,72,88,58,62,69,86,86,86,87,86
S. Handanoviƒç,32,193,89,Slovenia,Inter,Italian Serie A,87,87,29000000,91000,GK,Medium,3,1,GK,,,,,,,78,87,86,69,87,56,87,16,12,10,10,36,12,20,18,12,14,34,24,54,54,57,42,83,36,46,22,78,41,71,19,30,25,22,12,41,23,62,13,17,10,13
David Silva,31,173,67,Spain,Manchester City,English Premier League,87,87,44000000,220000,"CAM, CM, LM",High,4,4,LCM,68,72,87,87,38,61,0,,,,,,,75,83,71,54,91,79,82,84,82,75,79,90,80,72,65,92,84,89,68,71,66,78,56,73,72,51,43,81,92,73,92,32,25,44,29
I. Rakitiƒá,29,184,78,Croatia,FC Barcelona,Spain Primera Division,87,87,48500000,275000,CM,Medium,4,3,RCM,65,84,86,83,60,66,0,,,,,,,77,81,83,58,87,80,87,84,88,84,92,87,69,67,64,72,79,66,71,84,44,76,63,88,77,67,69,80,87,78,81,56,52,65,53
M. Ham≈°√≠k,29,183,79,Slovakia,Napoli,Italian Serie A,87,87,48500000,130000,CM,High,3,3,LCM,74,80,84,84,68,71,0,,,,,,,79,78,78,74,88,79,81,86,80,72,82,87,75,72,75,76,88,66,78,82,71,85,69,83,76,56,72,88,86,70,84,65,60,73,62
Marcelo,29,174,75,Brazil,Real Madrid,Spain Primera Division,87,87,38000000,250000,LB,High,4,4,LB,78,69,80,85,82,79,0,,,,,,,72,90,67,71,82,54,79,84,80,67,76,88,80,77,79,77,87,82,76,83,77,81,77,66,76,84,83,75,75,59,85,84,80,85,87
E. Cavani,30,184,71,Uruguay,Paris Saint-Germain,French Ligue 1,87,87,48500000,160000,ST,High,4,3,ST,77,83,72,80,42,81,0,,,,,,,80,70,83,88,78,84,71,80,75,74,50,80,76,75,78,81,91,59,83,85,88,92,74,78,78,84,48,92,77,84,83,32,24,45,27
A. Vidal,30,180,75,Chile,FC Bayern Munchen,German Bundesliga,87,87,37500000,160000,"CDM, CM",High,4,3,LDM,75,81,80,79,83,84,0,,,,,,,79,76,77,81,84,78,77,76,76,68,82,83,78,76,74,75,89,77,84,86,82,91,77,85,84,93,85,80,80,81,86,83,76,89,85
R. Lukaku,24,190,94,Belgium,Manchester United,English Premier League,86,90,59000000,210000,ST,Medium,3,3,ST,83,85,70,74,34,84,0,,,,,,,78,68,89,87,71,76,71,77,72,66,68,75,71,76,89,62,85,47,81,88,71,80,93,75,70,72,27,87,73,82,84,29,27,30,30
Isco,25,176,74,Spain,Real Madrid,Spain Primera Division,86,90,56500000,250000,"CM, CAM, RM, LM",High,3,4,CAM,71,83,82,89,54,62,0,,,,,,,73,72,88,55,86,64,85,90,86,74,85,91,78,74,69,83,79,85,70,72,64,71,59,87,76,58,70,83,84,76,86,49,25,73,51
H. Kane,23,188,86,England,Tottenham Hotspur,English Premier League,86,90,59000000,165000,ST,High,3,3,ST,71,87,72,78,42,83,0,,,,,,,78,70,90,83,75,73,72,78,71,66,67,82,72,68,74,73,87,62,82,87,70,85,86,84,73,74,35,89,75,84,84,38,41,36,38
Coutinho,25,171,68,Brazil,Liverpool,English Premier League,86,89,56000000,205000,"LW, CAM",High,3,4,LCM,82,78,83,88,35,64,0,,,,,,,71,77,74,47,85,75,84,88,84,82,78,88,86,88,77,92,81,92,73,80,59,80,61,86,67,55,30,83,87,64,85,36,24,44,40
J. Rodr√≠guez,25,180,75,Colombia,FC Bayern Munchen,German Bundesliga,86,89,56000000,250000,"CAM, CM, RM",Medium,4,4,CAM,76,85,85,83,40,68,0,,,,,,,81,88,82,62,84,91,84,83,87,86,80,85,78,77,75,82,84,75,73,86,54,68,70,91,75,65,55,80,86,81,87,32,25,42,30
Alex Sandro,26,181,81,Brazil,Juventus,Italian Serie A,86,88,44000000,175000,"LB, LM",High,3,3,LB,86,65,77,81,81,84,0,,,,,,,73,86,55,76,81,68,74,82,78,59,71,81,83,84,88,79,86,79,80,80,79,93,80,72,74,82,82,70,70,60,82,82,78,84,84
D. Alaba,25,180,76,Austria,FC Bayern Munchen,German Bundesliga,86,88,44500000,150000,"LB, CB, CM",High,4,3,LB,86,73,81,80,82,74,0,,,,,,,74,82,63,75,83,68,81,79,78,85,80,83,82,86,86,79,84,77,80,83,82,87,69,83,78,69,85,77,78,80,79,82,81,83,83
T. Alderweireld,28,187,91,Belgium,Tottenham Hotspur,English Premier League,86,87,40500000,165000,CB,Medium,3,2,RCB,66,58,72,65,87,80,0,,,,,,,61,64,45,82,77,38,69,62,63,69,81,70,65,62,69,60,86,50,78,86,81,76,82,66,71,81,84,56,67,60,81,88,89,90,85
P. ƒåech,35,196,90,Czech Republic,Arsenal,English Premier League,86,86,10500000,92000,GK,Medium,4,1,GK,,,,,,,75,82,87,76,81,42,83,20,19,12,19,35,17,19,12,13,19,33,22,50,40,44,49,84,34,36,21,51,32,65,11,33,17,23,13,53,23,70,12,11,13,12
Pepe,34,188,81,Portugal,Besiktas JK,Turkish Super Lig,86,86,13500000,94000,CB,Medium,4,2,RCB,68,51,57,61,86,80,0,,,,,,,53,46,46,80,70,23,54,58,44,47,61,62,66,65,70,63,83,49,68,63,76,62,84,56,67,94,86,40,48,57,77,86,86,86,87
F. Rib√©ry,34,170,72,France,FC Bayern Munchen,German Bundesliga,86,86,22500000,175000,"LM, LW",High,4,5,LM,82,76,83,90,25,58,0,,,,,,,72,81,76,41,86,80,83,90,83,81,75,90,85,85,79,88,86,91,61,76,34,64,60,75,69,52,36,81,86,78,86,21,13,25,26
Cesc F√†bregas,30,180,77,Spain,Chelsea,English Premier League,86,86,41000000,210000,"CM, CDM, CAM",High,4,3,CAM,63,77,88,80,61,64,0,,,,,,,81,85,76,74,91,81,82,80,77,81,90,86,70,65,62,65,81,77,72,77,68,80,64,75,72,45,50,78,91,80,92,61,60,63,62
K. Benzema,29,187,79,France,Real Madrid,Spain Primera Division,86,86,44500000,295000,ST,Medium,4,4,ST,78,84,77,82,22,74,0,,,,,,,81,75,87,78,86,79,73,82,79,73,47,86,75,77,78,77,83,60,76,83,70,73,78,77,70,65,22,87,85,82,82,13,13,15,12
Miranda,32,186,78,Brazil,Inter,Italian Serie A,86,86,25500000,115000,CB,Medium,3,2,LCB,71,49,60,67,88,77,0,,,,,,,59,48,43,83,70,51,55,65,32,39,69,72,68,67,74,61,82,57,67,70,82,65,80,41,67,83,88,43,58,49,84,88,89,90,86
Sokratis,29,186,85,Greece,Borussia Dortmund,German Bundesliga,86,86,34500000,110000,CB,Medium,3,2,RCB,78,52,55,60,87,84,0,,,,,,,57,47,44,87,64,46,50,58,36,35,64,58,73,71,84,62,81,68,74,79,87,74,86,48,64,91,80,50,52,33,82,88,88,90,86
D. Mertens,30,169,61,Belgium,Napoli,Italian Serie A,86,86,43000000,135000,"CF, LW, ST",High,3,4,ST,90,82,79,89,36,55,0,,,,,,,69,77,85,35,81,70,81,89,81,77,74,88,90,93,87,94,85,92,67,80,60,75,42,81,70,59,36,85,82,78,81,36,30,40,40
Javi Mart√≠nez,28,190,81,Spain,FC Bayern Munchen,German Bundesliga,86,86,36000000,165000,"CB, CDM",Medium,3,2,CDM,50,60,69,65,86,80,0,,,,,,,67,60,53,90,75,61,61,62,54,45,74,71,59,49,50,54,84,58,74,76,83,64,84,63,73,91,86,57,74,52,83,86,84,87,87
R. Nainggolan,29,176,77,Belgium,Roma,Italian Serie A,86,86,42500000,130000,"CM, CAM",High,3,3,RCM,78,80,78,82,81,83,0,,,,,,,73,73,76,59,84,75,77,80,73,68,81,85,81,80,76,81,87,84,83,84,76,94,76,86,81,88,86,88,76,63,85,84,78,86,88
Diego Costa,28,186,87,Spain,Chelsea,English Premier League,86,86,46000000,235000,ST,High,4,3,ST,75,83,65,76,40,88,0,,,,,,,76,65,88,83,67,81,66,77,62,59,52,83,69,74,75,58,86,52,79,84,64,83,91,73,75,93,40,88,74,76,84,33,28,39,34
David Luiz,30,189,84,Brazil,Chelsea,English Premier League,86,86,33000000,190000,CB,Medium,4,3,CB,70,64,74,71,84,81,0,,,,,,,69,68,55,83,79,64,73,66,70,76,78,79,69,68,71,72,79,56,77,77,80,76,81,71,74,86,87,54,69,75,78,83,80,85,84
M. Reus,28,180,75,Germany,Borussia Dortmund,German Bundesliga,86,86,45000000,120000,"LM, ST, LW",Medium,4,4,LW,88,87,84,86,39,64,0,,,,,,,77,80,86,49,86,88,85,86,90,84,80,85,86,86,90,86,87,81,76,87,72,68,67,88,73,49,50,86,86,87,83,37,30,36,46
Sergio Busquets,28,189,76,Spain,FC Barcelona,Spain Primera Division,86,86,36000000,250000,"CDM, CM",Medium,4,3,CDM,40,59,79,74,82,81,0,,,,,,,64,62,60,68,88,44,73,74,66,68,79,80,55,48,34,58,82,55,69,61,66,88,77,54,80,85,86,77,84,60,88,82,81,85,80
T. M√ºller,27,186,75,Germany,FC Bayern Munchen,German Bundesliga,86,86,47500000,190000,"CF, RW, CAM, ST",High,4,3,RM,77,82,77,78,46,71,0,,,,,,,82,77,87,82,81,83,73,75,81,59,68,82,78,76,78,76,92,72,78,77,81,90,67,77,72,57,58,93,81,60,83,38,31,41,44
R. Varane,24,191,78,France,Real Madrid,Spain Primera Division,85,92,46500000,175000,CB,Medium,3,2,RCB,79,45,61,64,84,79,0,,,,,,,55,36,40,83,75,42,62,57,46,54,76,77,68,77,81,58,81,47,67,52,80,68,85,53,64,77,82,44,56,43,82,85,84,86,85
Y. Carrasco,23,180,67,Belgium,Atletico Madrid,Spain Primera Division,85,90,51500000,77000,"LM, RM",High,3,4,LM,88,79,78,88,29,63,0,,,,,,,71,80,79,53,79,68,82,91,81,78,74,86,84,87,89,91,83,71,71,84,68,73,59,75,64,61,18,82,74,74,75,28,19,39,26
M. ter Stegen,25,187,85,Germany,FC Barcelona,Spain Primera Division,85,89,35500000,155000,GK,Medium,3,1,GK,,,,,,,77,84,83,87,86,45,81,16,15,14,11,30,14,20,17,18,12,38,18,50,38,50,37,82,43,45,22,79,35,79,10,36,43,22,11,57,25,62,11,10,13,10
Casemiro,25,184,80,Brazil,Real Madrid,Spain Primera Division,85,89,42000000,195000,CDM,Medium,3,2,CDM,62,68,74,72,84,86,0,,,,,,,64,52,59,74,82,53,72,69,59,74,84,78,66,63,61,66,83,57,84,86,87,85,85,77,77,87,86,66,76,66,86,85,83,87,86
B. Leno,25,190,83,Germany,Bayer 04 Leverkusen,German Bundesliga,85,88,34000000,61000,GK,Medium,3,1,GK,,,,,,,76,85,84,74,83,49,85,15,9,9,13,37,10,17,16,9,8,33,22,55,46,52,52,81,44,44,23,73,43,68,14,32,28,22,7,53,23,62,13,8,15,18
A. Lacazette,26,175,73,France,Arsenal,English Premier League,85,88,48500000,180000,ST,High,3,4,ST,86,83,71,85,38,77,0,,,,,,,76,64,87,72,79,82,74,85,74,71,59,84,85,84,87,87,85,84,78,81,76,80,79,76,73,70,40,87,74,84,86,31,23,42,30
Azpilicueta,27,178,78,Spain,Chelsea,English Premier League,85,87,37500000,160000,"CB, RB, LB",Medium,3,3,RCB,79,55,75,74,86,78,0,,,,,,,66,78,46,76,80,51,69,69,66,58,74,79,78,78,79,75,86,73,73,68,76,88,73,60,73,80,85,62,68,66,78,87,87,88,87
I. G√ºndoƒüan,26,180,80,Germany,Manchester City,English Premier League,85,87,46000000,190000,"CM, CDM",High,3,4,CM,71,74,83,87,64,71,0,,,,,,,71,74,72,49,88,75,82,87,81,74,83,88,78,73,70,83,87,81,71,77,62,71,74,74,79,68,79,79,87,76,86,62,57,67,64
M. Pjaniƒá,27,180,70,Bosnia Herzegovina,Juventus,Italian Serie A,85,86,43500000,160000,"CM, CDM",Medium,3,4,LDM,74,71,86,86,67,69,0,,,,,,,72,80,61,60,89,72,87,86,86,91,85,89,78,74,74,79,84,79,72,78,61,78,65,82,77,68,74,70,88,79,84,66,62,70,66
L. Insigne,26,163,59,Italy,Napoli,Italian Serie A,85,86,45000000,115000,LW,High,3,4,LW,90,74,82,89,25,50,0,,,,,,,73,83,73,56,83,74,82,88,83,77,73,90,89,94,86,96,80,93,64,70,53,75,44,80,61,34,26,83,87,61,78,20,16,24,22
A. Barzagli,36,187,87,Italy,Juventus,Italian Serie A,85,85,5000000,105000,CB,Low,3,2,CB,71,34,57,64,88,73,0,,,,,,,46,40,21,72,65,35,55,64,50,31,65,65,67,64,76,51,80,64,62,54,85,46,87,39,65,70,92,28,62,60,82,89,90,90,88
V. Kompany,31,193,85,Belgium,Manchester City,English Premier League,85,85,26000000,170000,CB,Medium,4,2,RCB,63,54,65,64,84,83,0,,,,,,,61,61,45,84,72,46,62,63,61,52,66,68,62,61,64,60,84,42,72,75,71,74,88,55,68,87,80,41,59,63,81,84,84,85,84
Filipe Lu√≠s,31,182,73,Brazil,Atletico Madrid,Spain Primera Division,85,85,25000000,81000,LB,High,3,3,LB,79,62,77,77,82,79,0,,,,,,,69,84,59,68,78,56,76,77,74,75,77,81,74,75,82,74,83,60,71,71,63,91,74,60,76,81,82,71,70,65,88,84,85,83,86
S. Ruffier,30,188,93,France,AS Saint-Etienne,French Ligue 1,85,85,24500000,49000,GK,Medium,3,1,GK,,,,,,,77,82,84,77,87,48,85,16,11,11,12,33,13,18,12,17,12,34,15,55,45,50,51,78,55,43,21,72,37,76,11,33,31,25,12,49,25,57,11,11,12,11
B. Matuidi,30,175,70,France,Juventus,Italian Serie A,85,85,28500000,145000,"CDM, CM",High,3,2,CDM,78,67,77,75,83,84,0,,,,,,,73,75,65,73,84,72,69,73,65,52,79,77,79,79,78,76,84,79,79,74,84,94,78,66,75,85,85,68,75,56,82,82,83,84,81
J. Vertonghen,30,189,88,Belgium,Tottenham Hotspur,English Premier League,85,85,28500000,130000,CB,High,3,2,LCB,67,65,73,70,85,81,0,,,,,,,67,68,56,81,79,52,69,69,58,73,74,74,66,68,66,62,82,55,79,86,83,79,81,68,74,83,86,60,68,68,81,85,84,86,86
C. Marchisio,31,180,73,Italy,Juventus,Italian Serie A,85,85,33000000,160000,"CM, CDM",High,3,4,CM,78,72,83,84,76,74,0,,,,,,,73,76,61,68,87,76,82,84,78,78,85,85,80,78,78,81,86,79,76,82,68,81,70,82,80,78,80,80,84,78,84,76,72,78,80
A. Di Mar√≠a,29,180,75,Argentina,Paris Saint-Germain,French Ligue 1,85,85,37500000,145000,"RW, LW",High,4,5,RW,86,77,82,86,47,68,0,,,,,,,74,85,74,53,83,77,80,86,78,72,79,85,84,86,86,92,80,79,74,83,72,78,60,77,71,73,38,82,81,73,82,50,37,59,56
Jordi Alba,28,170,68,Spain,FC Barcelona,Spain Primera Division,85,85,30500000,215000,LB,High,3,3,LB,93,69,75,82,81,72,0,,,,,,,71,82,73,63,79,60,74,80,77,64,70,83,88,93,93,90,82,86,72,64,81,90,60,66,72,75,83,77,68,59,75,82,81,84,83
K. Glik,29,190,80,Poland,AS Monaco,French Ligue 1,85,85,30000000,60000,CB,Low,3,2,RCB,56,32,44,53,86,84,0,,,,,,,44,29,27,85,63,17,46,51,35,26,59,59,55,53,58,34,79,55,64,57,82,72,90,20,56,86,87,24,23,39,79,85,85,87,83
D. Suba≈°iƒá,32,191,84,Croatia,AS Monaco,French Ligue 1,85,85,22000000,46000,GK,Medium,3,1,GK,,,,,,,77,84,79,79,87,53,85,14,11,10,13,24,13,29,11,24,66,26,19,53,51,54,42,82,37,45,24,75,32,80,14,34,31,20,15,52,23,65,14,15,14,13
H. Mkhitaryan,28,177,75,Armenia,Manchester United,English Premier League,85,85,39000000,195000,"RM, RW, LM",High,3,4,CAM,86,79,80,87,54,70,0,,,,,,,74,79,77,53,84,81,78,87,83,64,72,87,85,88,84,89,82,85,76,87,71,86,63,75,75,69,64,82,85,72,79,52,49,53,55
K. Navas,30,185,78,Costa Rica,Real Madrid,Spain Primera Division,85,85,24500000,165000,GK,Medium,3,1,GK,,,,,,,76,87,82,72,85,53,80,15,11,15,11,30,11,19,16,11,15,37,19,62,54,53,60,82,61,44,21,74,39,75,13,32,32,20,16,54,25,49,13,12,14,14
Marco Asensio,21,180,75,Spain,Real Madrid,Spain Primera Division,84,92,46000000,175000,"CAM, RM, LM, LW",Medium,3,4,LM,78,82,83,83,39,61,0,,,,,,,74,79,82,50,86,75,81,83,83,76,81,86,77,79,77,78,78,76,72,84,57,73,61,87,64,45,45,72,83,62,82,36,29,42,39
Bernardo Silva,22,173,64,Portugal,Manchester City,English Premier League,84,91,43500000,165000,RM,Medium,2,4,RM,81,72,81,90,45,61,0,,,,,,,71,79,76,51,84,66,80,91,79,63,78,89,84,85,78,88,84,86,64,72,53,80,54,64,69,58,49,77,85,64,84,41,46,44,35
T. Horn,24,192,90,Germany,1. FC Koln,German Bundesliga,84,90,31000000,39000,GK,Medium,2,1,GK,,,,,,,77,83,81,83,86,48,82,19,19,13,14,35,14,20,20,12,15,32,22,51,45,51,50,81,31,40,22,64,31,67,17,29,41,22,15,55,21,20,12,11,13,12
D. Alli,21,188,80,England,Tottenham Hotspur,English Premier League,84,90,43000000,115000,"CAM, CF, LM",High,3,4,CAM,76,81,77,82,64,78,0,,,,,,,77,68,84,75,83,76,73,83,71,53,76,85,74,77,76,74,85,62,77,77,69,89,71,79,79,84,67,86,83,68,86,60,60,63,57
M. Icardi,24,181,75,Argentina,Inter,Italian Serie A,84,89,42000000,105000,ST,Medium,3,3,ST,78,83,61,75,26,70,0,,,,,,,74,46,89,84,73,81,61,74,58,45,54,77,77,75,80,74,83,76,77,81,92,70,74,70,65,55,22,89,64,78,82,19,17,21,21
A. Laporte,23,189,85,France,Athletic Club de Bilbao,Spain Primera Division,84,89,35500000,36000,CB,Medium,2,2,LCB,69,50,66,61,86,78,0,,,,,,,60,58,45,85,73,40,68,55,62,77,78,71,64,68,70,49,82,55,69,70,77,71,84,47,62,72,85,54,52,35,74,86,86,88,85
E. Bailly,23,187,77,Ivory Coast,Manchester United,English Premier League,84,89,35500000,150000,CB,Medium,2,2,RCB,78,42,59,65,84,84,0,,,,,,,55,51,33,81,72,42,55,63,46,43,56,68,71,75,80,63,78,63,70,55,84,78,85,48,65,87,85,47,54,46,74,84,82,85,85
Koke,25,178,74,Spain,Atletico Madrid,Spain Primera Division,84,88,39500000,84000,"CM, RM, LM",High,3,3,RM,70,75,86,82,63,75,0,,,,,,,71,84,71,61,86,56,82,80,85,76,85,86,76,72,69,77,84,78,76,84,61,81,75,81,73,71,64,80,89,59,75,60,63,66,51
Morata,24,189,85,Spain,Chelsea,English Premier League,84,88,41000000,170000,ST,High,3,3,ST,82,80,71,80,23,73,0,,,,,,,78,73,82,79,78,81,67,83,76,44,51,84,72,78,86,62,81,56,77,80,79,70,82,78,64,54,24,83,76,72,79,16,14,14,20
K. Koulibaly,26,195,89,Senegal,Napoli,Italian Serie A,84,87,32500000,96000,CB,High,3,2,LCB,73,26,43,56,85,86,0,,,,,,,40,30,19,79,59,14,43,54,28,28,48,59,63,69,76,50,80,40,62,55,77,73,93,15,57,87,86,24,34,33,78,85,85,87,85
J. Draxler,23,187,72,Germany,Paris Saint-Germain,French Ligue 1,84,87,39500000,120000,"LW, CAM, LM",Medium,3,4,LW,78,80,82,86,34,64,0,,,,,,,78,83,78,65,84,84,81,88,78,75,77,87,78,76,79,81,83,75,75,86,76,68,67,81,65,48,36,79,84,63,81,28,25,35,26
Carvajal,25,173,73,Spain,Real Madrid,Spain Primera Division,84,87,32000000,195000,RB,High,3,2,RB,82,45,73,79,83,79,0,,,,,,,60,83,41,65,81,34,69,76,72,47,71,83,80,76,86,82,81,79,67,64,76,84,75,36,66,81,82,61,57,45,74,85,85,85,86
S. Man√©,25,175,69,Senegal,Liverpool,English Premier League,84,87,39000000,175000,"RW, LW",High,3,4,LW,93,78,75,85,36,75,0,,,,,,,70,72,83,53,77,68,75,86,74,64,71,84,88,94,92,89,80,85,75,77,75,82,72,69,69,73,31,84,78,71,78,35,33,35,38
R. B√ºrki,26,187,85,Switzerland,Borussia Dortmund,German Bundesliga,84,86,26000000,69000,GK,Medium,3,1,GK,,,,,,,75,84,82,73,85,48,80,18,15,8,17,37,13,17,16,13,12,24,23,55,44,52,51,80,52,44,22,74,36,74,14,31,35,18,10,50,20,58,14,14,13,16
S. Mustafi,25,184,82,Germany,Arsenal,English Premier League,84,86,31500000,145000,CB,Medium,3,2,CB,67,57,63,62,83,79,0,,,,,,,63,50,58,81,77,51,58,53,55,47,69,70,70,64,69,66,82,69,71,66,84,74,81,52,66,79,85,50,55,54,74,83,82,83,85
K. Manolas,26,189,83,Greece,Roma,Italian Serie A,84,86,31500000,96000,CB,Low,3,2,RCB,80,19,42,60,86,83,0,,,,,,,38,27,10,80,60,16,44,54,30,10,61,65,73,78,81,68,81,60,60,43,86,78,84,12,53,86,85,25,22,26,75,87,88,86,87
Sergio Asenjo,28,189,87,Spain,Villarreal CF,Spain Primera Division,84,85,25000000,46000,GK,Medium,2,1,GK,,,,,,,78,86,83,76,85,56,82,22,24,14,13,39,22,22,15,23,22,39,14,62,59,54,62,79,58,47,24,73,43,73,23,25,20,22,12,46,15,39,13,12,15,14
R. F√§hrmann,28,196,95,Germany,FC Schalke 04,German Bundesliga,84,85,25000000,54000,GK,Medium,2,1,GK,,,,,,,72,83,86,52,87,43,85,15,14,11,15,25,11,18,15,18,11,26,24,48,38,47,39,84,36,43,24,72,32,79,9,32,36,23,11,42,21,61,11,12,12,10
K. Strootman,27,186,78,Netherlands,Roma,Italian Serie A,84,85,35000000,105000,"CM, CDM",High,3,3,LCM,67,74,82,78,78,82,0,,,,,,,71,74,68,68,86,63,78,76,75,74,83,85,70,65,68,65,84,68,76,85,53,82,83,78,82,86,84,78,84,77,85,76,72,83,75
Aduriz,36,182,78,Spain,Athletic Club de Bilbao,Spain Primera Division,84,84,11000000,38000,ST,High,3,3,ST,70,83,64,76,46,79,0,,,,,,,77,54,85,94,71,84,65,79,61,54,52,80,66,69,70,53,85,57,80,83,94,64,83,80,71,82,23,86,73,75,87,46,46,44,49
A. G√≥mez,29,165,68,Argentina,Atalanta,Italian Serie A,84,84,31000000,60000,"CF, LW, ST",High,3,4,LS,90,77,80,89,31,58,0,,,,,,,70,82,78,36,82,72,79,89,78,71,72,87,89,94,86,92,83,94,70,76,70,78,48,78,69,56,40,81,85,71,84,29,24,30,34
Dani Alves,34,172,68,Brazil,Paris Saint-Germain,French Ligue 1,84,84,9000000,115000,RB,High,4,3,RB,82,68,81,85,77,66,0,,,,,,,72,86,55,72,83,68,80,84,80,74,77,86,82,79,84,85,79,87,75,86,80,76,55,78,77,78,81,74,78,70,82,78,73,79,83
G. Cahill,31,193,86,England,Chelsea,English Premier League,84,84,21000000,160000,CB,Medium,3,2,LCB,63,58,52,61,84,78,0,,,,,,,56,28,56,86,65,47,51,58,48,27,61,63,64,62,63,62,85,51,72,63,82,69,80,66,66,84,83,45,56,53,75,84,84,85,84
L. Koscielny,31,186,75,France,Arsenal,English Premier League,84,84,21000000,150000,CB,Medium,3,2,RCB,75,41,62,65,85,78,0,,,,,,,55,52,32,81,76,35,53,62,22,49,69,67,72,74,76,68,82,62,66,54,82,75,76,47,65,88,86,39,56,51,75,84,83,87,84
Falcao,31,177,72,Colombia,AS Monaco,French Ligue 1,84,84,28000000,68000,ST,High,3,3,RS,69,84,68,78,37,74,0,,,,,,,78,55,87,90,78,84,73,74,83,71,58,82,76,73,66,85,82,75,78,79,92,68,75,80,73,75,41,85,68,84,87,25,16,42,19
D. Payet,30,175,77,France,Olympique de Marseille,French Ligue 1,84,84,29500000,60000,"LW, CAM",High,3,4,LW,75,78,86,87,37,70,0,,,,,,,77,86,76,59,86,79,88,89,90,91,84,90,77,79,72,79,76,81,71,78,48,73,76,83,70,57,37,79,87,76,86,34,29,36,39
M. Benatia,30,190,92,Morocco,Juventus,Italian Serie A,84,84,23000000,145000,CB,Medium,3,2,RCB,74,42,54,64,85,82,0,,,,,,,53,45,45,80,65,31,51,64,34,27,65,65,67,72,76,59,78,51,64,59,82,68,89,24,61,82,84,38,47,41,78,85,86,86,84
Juan Mata,29,170,63,Spain,Manchester United,English Premier League,84,84,30500000,195000,"CAM, RM",Medium,3,3,RM,67,76,84,84,32,54,0,,,,,,,75,84,79,59,86,71,82,82,84,84,77,87,78,71,63,85,84,89,67,75,72,75,43,70,71,52,39,83,87,81,85,24,25,28,21
S. Khedira,30,189,89,Germany,Juventus,Italian Serie A,84,84,29000000,160000,"CM, CDM",High,3,2,RDM,64,74,80,76,80,84,0,,,,,,,75,72,69,76,85,76,75,78,68,68,81,81,65,60,68,59,86,52,79,82,68,78,89,78,80,82,86,80,82,69,84,78,76,82,78
Willian,28,175,77,Brazil,Chelsea,English Premier League,84,84,31500000,200000,"RW, RM, CAM",High,3,4,RW,88,76,81,86,49,64,0,,,,,,,64,77,77,29,82,59,83,87,82,85,77,86,86,91,86,89,83,81,69,71,46,87,62,81,68,44,55,80,83,70,79,50,43,58,51
E. D≈æeko,31,193,84,Bosnia Herzegovina,Roma,Italian Serie A,84,84,28000000,115000,ST,Medium,3,2,ST,64,83,70,74,32,72,0,,,,,,,77,63,87,84,77,77,69,76,65,54,72,80,60,67,61,57,83,36,75,86,66,70,82,73,67,51,50,89,70,67,79,18,11,28,16
I. Peri≈°iƒá,28,186,79,Croatia,Inter,Italian Serie A,84,84,31500000,110000,"LM, CAM",High,3,4,LM,84,80,78,82,42,75,0,,,,,,,79,84,79,78,78,80,77,83,73,76,72,83,78,81,87,78,80,67,81,83,82,86,75,80,69,59,42,84,78,76,80,38,26,45,45
Bruno,33,184,73,Spain,Villarreal CF,Spain Primera Division,84,84,18500000,59000,"CM, CDM",Medium,3,3,LCM,41,72,79,75,78,77,0,,,,,,,64,60,66,61,87,48,78,75,72,77,86,83,55,42,41,53,84,59,76,84,66,76,77,81,79,79,85,69,83,75,86,79,70,84,85
Pedro,29,169,65,Spain,Chelsea,English Premier League,84,84,30500000,200000,"RW, LW",High,3,4,RW,82,77,77,85,37,62,0,,,,,,,73,78,81,55,83,70,75,84,81,57,70,87,82,84,80,84,84,82,70,71,67,78,56,78,68,56,49,84,77,66,78,31,30,32,31
Ander Herrera,27,182,70,Spain,Manchester United,English Premier League,84,84,32000000,190000,"CM, CDM",High,3,3,CDM,73,72,81,83,78,77,0,,,,,,,72,74,71,60,86,69,78,81,80,65,80,86,79,76,70,84,85,82,72,72,63,87,70,72,82,86,86,78,84,79,84,78,80,78,76
K. Mbapp√©,18,178,73,France,Paris Saint-Germain,French Ligue 1,83,94,41500000,31000,ST,High,3,4,RW,90,80,74,85,47,74,0,,,,,,,77,70,87,76,78,74,74,86,75,58,68,87,82,89,90,78,79,76,75,79,71,83,74,68,69,62,49,79,77,70,80,41,41,44,40
O. Demb√©l√©,20,178,67,France,FC Barcelona,Spain Primera Division,83,92,40000000,150000,"RW, LW, CAM",High,3,5,LW,91,76,75,89,33,56,0,,,,,,,69,77,77,43,74,76,77,92,78,65,68,85,87,93,89,90,82,85,65,82,59,74,47,65,66,54,36,78,84,75,73,30,29,30,33
T. Lemar,21,170,58,France,AS Monaco,French Ligue 1,83,91,38500000,37000,LM,High,3,3,LM,85,78,80,86,62,70,0,,,,,,,74,82,78,54,82,75,81,88,81,81,71,86,83,86,84,85,76,84,75,82,72,79,69,76,72,63,66,76,82,68,79,61,63,59,63
A. Belotti,23,181,72,Italy,Torino,Italian Serie A,83,90,37000000,58000,ST,High,3,3,ST,82,81,57,78,29,84,0,,,,,,,72,42,88,84,68,80,63,78,64,56,42,78,79,80,83,79,78,75,80,81,83,84,85,67,69,83,31,85,61,77,78,23,15,23,32
Marquinhos,23,183,75,Brazil,Paris Saint-Germain,French Ligue 1,83,89,30500000,75000,CB,Medium,3,2,RCB,71,38,68,69,84,76,0,,,,,,,59,72,33,80,80,31,60,65,49,32,78,76,71,69,72,66,81,68,64,53,85,75,74,35,61,80,84,46,51,31,79,85,85,85,86
Ederson,23,188,86,Brazil,Manchester City,English Premier League,83,89,26000000,87000,GK,Medium,2,1,GK,,,,,,,77,81,76,82,87,63,78,16,20,14,14,15,18,22,21,12,20,30,30,62,64,63,60,86,40,44,42,58,38,68,18,35,35,25,16,60,17,58,10,9,15,8
N. S√ºle,21,195,97,Germany,FC Bayern Munchen,German Bundesliga,83,89,30500000,78000,CB,Medium,2,2,CB,65,41,51,49,83,81,0,,,,,,,48,30,20,85,76,29,44,42,28,30,61,63,54,51,76,33,80,32,67,77,38,65,94,62,53,81,82,26,30,32,72,83,81,86,82
G. Rulli,25,189,84,Argentina,Real Sociedad,Spain Primera Division,83,89,25500000,28000,GK,Medium,3,1,GK,,,,,,,76,85,79,75,86,51,82,17,12,15,12,32,16,18,15,19,20,23,15,57,54,48,58,77,50,44,24,68,42,73,17,28,26,21,12,58,24,30,15,16,13,17
M. Perin,24,188,77,Italy,Genoa,Italian Serie A,83,88,25000000,28000,GK,Medium,2,1,GK,,,,,,,76,80,85,71,90,56,78,17,11,11,12,33,19,20,19,15,13,31,23,58,57,56,70,79,30,39,23,75,30,52,17,29,25,19,12,44,21,58,15,14,12,19
S. de Vrij,25,189,78,Netherlands,Lazio,Italian Serie A,83,88,29000000,56000,CB,Medium,3,2,RCB,68,41,58,65,85,76,0,,,,,,,50,49,25,78,71,27,52,61,45,16,71,71,67,68,68,61,78,60,69,65,71,69,80,60,60,74,85,32,50,41,82,85,87,86,82
S. Umtiti,23,182,75,France,FC Barcelona,Spain Primera Division,83,88,29500000,135000,CB,Medium,3,2,LCB,74,64,71,71,82,79,0,,,,,,,68,69,51,72,79,70,70,69,72,63,73,75,71,72,75,68,77,66,80,83,87,79,78,74,69,80,86,58,58,61,74,82,80,85,83
Fabinho,23,188,78,Brazil,AS Monaco,French Ligue 1,83,88,29500000,37000,CDM,Medium,3,3,RDM,74,65,76,76,83,83,0,,,,,,,66,79,66,75,82,30,69,75,71,45,74,80,73,73,75,71,79,69,74,75,77,89,80,53,79,83,83,68,72,91,80,84,79,88,85
Jo√£o M√°rio,24,179,73,Portugal,Inter,Italian Serie A,83,88,34000000,70000,"CM, CAM",Medium,3,3,CAM,73,70,80,83,70,71,0,,,,,,,70,77,66,55,83,69,77,84,74,67,78,85,75,71,75,81,82,70,73,77,63,84,69,73,75,61,78,80,82,66,85,67,67,75,61
N. Ke√Øta,22,172,64,Guinea,RB Leipzig,German Bundesliga,83,88,34000000,68000,"CM, CDM, CAM",High,2,4,RDM,73,71,77,89,62,70,0,,,,,,,65,62,74,42,88,59,73,90,63,47,78,88,82,82,66,90,84,90,69,76,56,88,59,66,74,77,79,74,81,58,79,59,55,63,61
Roberto Firmino,25,181,76,Brazil,Liverpool,English Premier League,83,87,34000000,135000,"ST, CF, CAM",High,3,4,ST,77,81,79,85,46,77,0,,,,,,,77,72,83,72,83,79,78,87,80,67,75,85,79,77,77,82,82,81,80,79,81,86,76,80,70,66,37,84,83,72,78,43,30,59,42
J. Gim√©nez,22,185,76,Uruguay,Atletico Madrid,Spain Primera Division,83,87,28500000,53000,CB,Medium,2,2,RCB,70,45,51,52,85,81,0,,,,,,,52,47,37,79,68,30,48,47,36,44,58,56,64,68,72,57,76,50,72,72,90,68,84,48,56,89,85,24,27,38,73,86,85,86,87
M. Musacchio,26,180,73,Argentina,Milan,Italian Serie A,83,86,27000000,105000,CB,Medium,3,2,LCB,70,51,67,58,84,78,0,,,,,,,59,55,48,81,78,36,56,43,53,45,70,73,70,72,69,72,81,59,68,57,83,70,81,53,68,81,85,50,64,57,76,85,85,84,86
Oscar,25,179,67,Brazil,Shanghai SIPG,Chinese Super League,83,86,34048387,129625,CAM,Medium,3,4,CAM,74,75,79,82,43,47,0,,,,,,,69,70,75,54,83,63,79,81,77,77,78,84,79,75,74,86,81,80,66,76,66,76,36,77,63,31,34,81,83,68,83,44,37,50,47
A. Lopes,26,184,81,Portugal,Olympique Lyonnais,French Ligue 1,83,86,22500000,60000,GK,Medium,2,1,GK,,,,,,,77,86,81,71,85,62,79,19,19,18,16,32,13,19,15,15,14,31,21,67,60,64,65,85,62,44,20,85,33,65,18,29,35,25,9,38,16,55,13,13,15,13
Danilo Pereira,25,188,83,Portugal,FC Porto,Portuguese Primeira Liga,83,86,27500000,18000,"CDM, CB, CM",Medium,3,2,CDM,68,62,69,74,82,87,0,,,,,,,63,50,56,76,82,55,66,76,48,53,79,77,65,67,68,58,76,60,76,77,67,87,89,64,74,88,85,69,69,52,84,81,80,85,78
V. van Dijk,25,193,92,Netherlands,Southampton,English Premier League,83,86,27500000,89000,CB,High,3,2,RCB,73,60,67,69,83,85,0,,,,,,,61,53,52,80,76,45,69,70,60,70,76,73,66,69,76,57,79,51,78,81,79,76,92,64,67,78,83,41,59,62,82,83,83,85,83
William Carvalho,25,187,83,Portugal,Sporting CP,Portuguese Primeira Liga,83,86,27500000,21000,"CDM, CM",Medium,3,3,RCM,53,57,77,74,80,83,0,,,,,,,65,66,56,73,84,50,74,79,77,50,86,78,54,52,53,45,74,50,71,59,68,84,88,58,74,75,84,62,78,60,89,77,77,85,71
M. Salah,25,175,71,Egypt,Liverpool,English Premier League,83,86,32500000,135000,RW,High,3,4,RW,93,73,74,87,45,66,0,,,,,,,72,73,79,59,79,71,73,87,70,60,65,87,87,93,93,86,82,84,68,71,70,77,61,62,69,63,55,83,78,61,75,40,37,43,41
M. Schneiderlin,27,181,75,France,Everton,English Premier League,83,85,25500000,115000,"CDM, CM",Medium,2,2,CDM,68,62,76,77,79,81,0,,,,,,,67,65,61,71,86,56,73,74,68,61,80,84,72,67,68,73,81,71,72,71,70,89,77,56,74,83,84,65,73,56,83,79,76,82,80
J. Matip,25,195,90,Cameroon,Liverpool,English Premier League,83,85,26500000,110000,CB,Medium,2,2,RCB,67,46,68,66,84,78,0,,,,,,,60,54,36,85,77,50,59,65,63,22,74,71,64,60,73,58,81,49,67,66,67,73,81,48,67,81,85,51,72,42,75,82,83,85,79
E. Forsberg,25,179,78,Sweden,RB Leipzig,German Bundesliga,83,85,31500000,75000,"CAM, LM",High,2,3,LAM,75,74,83,83,30,66,0,,,,,,,71,86,72,45,86,67,79,82,81,77,70,85,79,78,72,85,80,83,69,75,53,76,63,80,68,62,43,77,86,64,79,22,23,26,17
K. Schmeichel,30,189,89,Denmark,Leicester City,English Premier League,83,84,19000000,65000,GK,Medium,2,1,GK,,,,,,,79,83,82,82,86,61,80,21,18,12,16,44,15,25,12,13,15,46,40,62,62,60,62,80,47,41,36,60,35,62,14,34,33,20,14,59,26,52,13,14,14,13
Y. Sommer,28,183,79,Switzerland,Borussia Monchengladbach,German Bundesliga,83,84,21000000,39000,GK,Medium,3,1,GK,,,,,,,76,81,82,83,83,51,80,16,13,13,10,40,8,19,15,12,13,31,25,59,48,54,55,80,58,43,23,69,45,68,12,35,38,21,15,58,24,57,14,11,19,12
O. Toprak,27,186,83,Turkey,Borussia Dortmund,German Bundesliga,83,84,24500000,66000,CB,Medium,3,2,CB,76,39,62,67,85,75,0,,,,,,,57,49,28,83,74,55,56,64,44,33,69,72,71,72,79,64,81,61,65,63,82,68,78,36,62,73,84,35,59,48,78,84,86,85,82
K. Walker,27,183,83,England,Manchester City,English Premier League,83,84,24000000,130000,"RB, RWB",High,3,2,RWB,90,63,73,76,80,81,0,,,,,,,66,78,51,73,75,57,73,77,76,71,67,76,80,86,93,70,81,72,80,86,83,90,77,68,71,78,78,66,69,63,75,82,79,84,83
I. Gueye,27,174,66,Senegal,Everton,English Premier League,83,84,24500000,115000,"CDM, CM",Medium,2,2,RCM,76,60,70,77,83,81,0,,,,,,,58,60,50,69,82,32,60,75,33,43,74,79,77,78,75,75,79,82,79,80,85,88,76,67,74,84,87,67,72,54,80,84,80,87,85
R. Mahrez,26,179,67,Algeria,Leicester City,English Premier League,83,84,30500000,88000,RM,Medium,3,5,RM,82,74,78,88,28,55,0,,,,,,,69,81,74,45,78,71,80,88,79,75,74,88,83,85,80,92,75,85,67,76,62,75,51,72,65,40,38,79,79,72,82,22,25,23,19
Casillas,36,185,84,Spain,FC Porto,Portuguese Primeira Liga,83,83,3500000,10000,GK,Medium,4,1,GK,,,,,,,73,86,74,58,85,58,80,17,13,12,25,21,14,21,25,25,13,22,23,60,59,57,62,77,46,46,28,77,43,70,13,36,23,22,16,65,24,70,11,11,11,13
Y. Tour√©,34,189,90,Ivory Coast,Manchester City,English Premier League,83,83,12500000,145000,"CM, CDM",Medium,4,3,CDM,63,82,80,76,70,83,0,,,,,,,74,67,82,72,84,68,81,78,82,86,81,82,64,61,64,58,82,56,78,86,63,73,92,80,79,78,60,80,85,89,83,73,68,77,74
Quaresma,33,175,67,Portugal,Besiktas JK,Turkish Super Lig,83,83,15500000,67000,"RM, LM",High,3,5,RM,83,76,81,88,18,60,0,,,,,,,71,88,70,41,79,80,84,89,92,78,75,87,84,85,82,91,78,84,70,83,63,69,54,83,65,62,24,75,80,74,79,13,10,17,13
Jos√© Reina,34,188,92,Spain,Napoli,Italian Serie A,83,83,10500000,59000,GK,Medium,3,1,GK,,,,,,,77,80,83,82,82,57,82,13,11,14,13,19,11,15,10,11,11,22,23,61,50,63,50,82,60,43,24,73,34,72,15,36,32,22,13,65,24,60,19,12,22,24
D. De Rossi,33,184,83,Italy,Roma,Italian Serie A,83,83,10500000,73000,CDM,Medium,3,2,CDM,68,64,73,70,81,82,0,,,,,,,68,57,50,81,82,74,71,64,62,71,82,78,71,69,68,68,80,72,78,81,78,78,83,74,76,84,87,55,72,75,84,80,75,84,82
Nani,30,175,66,Portugal,Lazio,Italian Serie A,83,83,24500000,47000,"LW, RW, CAM, LM",High,3,5,RW,81,79,81,86,24,64,0,,,,,,,71,82,75,46,81,75,83,87,86,79,79,86,82,84,78,92,80,77,68,85,39,74,62,83,66,62,31,77,80,72,79,19,15,22,20
W. Sneijder,33,170,72,Netherlands,OGC Nice,French Ligue 1,83,83,15500000,47000,CAM,Medium,3,3,CAM,69,78,86,82,38,57,0,,,,,,,70,86,72,32,84,80,85,82,88,86,86,85,75,70,69,77,77,85,63,86,30,62,57,84,70,55,45,74,88,76,83,36,32,41,37
J. Mascherano,33,174,73,Argentina,FC Barcelona,Spain Primera Division,83,83,10500000,155000,"CB, CDM",Medium,4,2,CB,65,53,71,68,82,77,0,,,,,,,60,63,42,68,79,51,65,58,63,50,75,80,72,67,64,72,83,78,71,76,75,76,74,55,73,88,88,51,68,60,86,82,81,83,82
Santi Cazorla,32,168,66,Spain,Arsenal,English Premier League,83,83,19500000,130000,"CM, CDM",High,3,4,CDM,65,76,85,85,61,63,0,,,,,,,75,85,75,58,86,72,83,85,86,78,83,87,76,68,63,79,82,91,70,77,70,68,59,78,77,64,65,79,86,80,88,58,58,64,52
Diego L√≥pez,35,196,89,Spain,RCD Espanyol,Spain Primera Division,83,83,6000000,19000,GK,Medium,3,1,GK,,,,,,,74,77,84,76,80,44,83,15,11,12,10,28,14,15,11,10,11,23,23,52,34,52,48,79,47,41,22,68,42,66,11,33,36,16,11,53,21,62,13,14,13,14
Juanfran,32,180,72,Spain,Atletico Madrid,Spain Primera Division,83,83,14500000,62000,RB,High,3,3,RB,82,58,75,77,80,77,0,,,,,,,64,83,54,59,77,49,72,77,80,59,66,79,76,76,87,75,82,62,69,68,68,85,74,53,72,78,78,68,72,66,74,82,83,84,81
L. Biglia,31,178,63,Argentina,Milan,Italian Serie A,83,83,17500000,105000,"CDM, CM",Medium,3,3,CM,69,63,81,80,75,75,0,,,,,,,68,74,50,54,86,78,78,77,71,76,84,85,74,70,68,76,82,78,73,77,62,82,70,75,75,83,84,55,80,72,80,76,70,80,78
L. Perrin,31,181,80,France,AS Saint-Etienne,French Ligue 1,83,83,17500000,46000,CB,Medium,2,2,LCB,68,65,69,67,86,80,0,,,,,,,66,69,64,80,74,44,64,62,59,51,77,74,69,67,69,64,76,72,76,73,84,79,79,67,72,81,82,58,63,68,80,86,88,88,84
Borja Valero,32,175,73,Spain,Inter,Italian Serie A,83,83,20000000,80000,"CAM, CM, CF",Medium,3,4,LDM,70,69,85,86,63,65,0,,,,,,,72,78,67,60,89,70,82,86,78,76,86,88,77,73,67,80,84,82,69,72,67,74,66,70,72,52,70,76,86,72,80,62,58,66,62
M. Demb√©l√©,29,185,88,Belgium,Tottenham Hotspur,English Premier League,83,83,25000000,115000,"CM, CDM",Medium,3,4,LDM,76,72,77,85,75,84,0,,,,,,,71,65,66,69,86,73,74,86,65,55,79,86,77,75,77,82,80,74,80,85,77,77,92,72,76,74,80,71,79,67,89,72,70,80,67
A. Valencia,31,180,83,Ecuador,Manchester United,English Premier League,83,83,17000000,130000,RB,High,2,3,RB,87,65,75,81,78,85,0,,,,,,,70,85,58,64,77,69,73,82,69,66,69,81,83,88,87,75,86,83,78,85,70,90,85,62,74,83,80,75,71,55,82,79,78,83,77
E. Garay,30,188,77,Argentina,Valencia CF,Spain Primera Division,83,83,19000000,40000,CB,Medium,3,2,RCB,43,64,66,64,84,80,0,,,,,,,64,62,58,85,69,49,67,62,55,74,72,73,51,39,46,57,77,38,77,80,79,74,85,68,69,74,84,49,63,69,79,83,84,85,82
L. Piszczek,32,184,79,Poland,Borussia Dortmund,German Bundesliga,83,83,14500000,66000,"RB, CB",Medium,3,2,RB,79,69,76,74,81,80,0,,,,,,,74,86,65,74,78,67,69,74,80,47,69,76,74,73,84,66,82,66,75,77,76,79,79,68,76,83,81,73,72,65,82,82,79,84,83
K. Gameiro,30,173,70,France,Atletico Madrid,Spain Primera Division,83,83,25000000,73000,ST,Medium,3,3,RS,87,83,75,78,35,68,0,,,,,,,76,70,86,67,79,78,74,76,76,70,72,80,83,88,86,82,85,77,76,84,84,76,64,76,72,66,38,86,76,85,85,31,23,33,39
Jonas,33,182,74,Brazil,SL Benfica,Portuguese Primeira Liga,83,83,16500000,21000,"ST, CF",High,3,3,LS,65,85,75,84,35,65,0,,,,,,,79,70,87,79,74,85,80,84,85,77,70,88,72,66,65,77,85,69,74,83,69,71,63,84,72,61,34,86,83,84,87,28,23,36,25
Rui Patr√≠cio,29,190,84,Portugal,Sporting CP,Portuguese Primeira Liga,83,83,17500000,19000,GK,Medium,3,1,GK,,,,,,,77,85,81,80,82,55,79,16,12,12,11,31,17,19,20,10,16,30,23,61,53,57,61,80,54,50,38,79,45,77,11,37,39,22,13,63,32,53,12,13,13,11
E. Banega,29,174,71,Argentina,Sevilla FC,Spain Primera Division,83,83,25500000,27000,"CAM, CM",Medium,3,4,LCM,69,70,85,84,62,67,0,,,,,,,68,80,65,45,88,65,83,83,83,81,85,85,77,71,67,84,78,86,68,74,58,66,67,77,74,69,70,75,85,67,82,62,57,69,61
B. H√∂wedes,29,187,82,Germany,Juventus,Italian Serie A,83,83,20000000,50000,CB,Medium,3,2,CB,64,47,63,64,83,77,0,,,,,,,60,58,48,84,73,38,56,60,38,52,64,68,66,62,65,63,82,61,64,62,82,68,81,31,68,79,83,51,57,56,82,83,84,83,83
A. Lallana,29,172,73,England,Liverpool,English Premier League,83,83,25000000,135000,CM,High,3,4,CM,73,75,80,84,65,74,0,,,,,,,75,74,79,67,86,72,78,85,77,66,77,86,76,74,72,83,78,76,74,72,73,90,67,72,75,74,68,77,83,70,80,63,60,67,62
M. Mand≈æukiƒá,31,190,86,Croatia,Juventus,Italian Serie A,83,83,23500000,135000,"ST, LM",High,3,3,LM,72,78,71,74,65,87,0,,,,,,,81,72,84,90,75,86,65,74,64,49,65,77,70,68,76,67,86,53,79,78,85,87,87,58,78,88,66,89,74,76,80,61,56,64,64
N. Gait√°n,29,173,68,Argentina,Atletico Madrid,Spain Primera Division,83,83,25500000,70000,LM,Medium,3,4,LM,81,74,81,85,39,55,0,,,,,,,74,82,73,54,81,81,81,85,88,72,78,84,83,84,79,87,84,81,65,72,68,69,46,74,68,57,40,79,82,71,80,38,30,42,43
S. Giovinco,30,163,61,Italy,Toronto FC,USA Major League Soccer,83,83,25000000,15000,"CF, ST",High,2,4,RS,84,81,79,87,27,57,0,,,,,,,68,73,83,34,79,75,84,86,86,89,75,87,87,88,81,92,82,93,62,79,34,77,42,81,72,75,26,84,82,77,88,26,23,29,28
Adrien Silva,28,175,69,Portugal,AS Monaco,French Ligue 1,83,83,34048387,129625,"CM, CDM",Medium,3,3,CM,65,76,82,81,78,72,0,,,,,,,73,78,71,61,83,75,81,82,79,75,84,85,69,64,65,73,77,67,74,83,56,89,62,80,81,79,84,75,85,85,82,77,80,78,73
Jos√© Callej√≥n,30,178,73,Spain,Napoli,Italian Serie A,83,83,24500000,87000,RW,High,3,3,RW,90,78,71,83,35,65,0,,,,,,,75,77,76,65,75,84,69,82,65,65,51,84,85,90,90,85,80,81,75,78,73,92,55,80,66,54,40,88,78,62,79,29,24,32,32
S. N'Zonzi,28,190,75,France,Sevilla FC,Spain Primera Division,83,83,21000000,25000,"CDM, CM",Medium,2,3,CDM,57,67,73,71,80,88,0,,,,,,,67,59,64,79,82,55,69,72,73,42,78,82,53,52,61,43,82,31,79,79,75,86,91,66,76,87,85,70,77,57,85,78,75,83,78
B. Dost,28,196,89,Netherlands,Sporting CP,Portuguese Primeira Liga,83,83,27000000,28000,ST,Medium,3,2,ST,60,83,57,64,43,83,0,,,,,,,75,38,87,93,74,85,53,64,62,32,37,73,55,54,64,38,85,35,77,83,55,84,89,74,71,72,39,88,68,81,78,34,29,48,26
G. Bonaventura,27,181,75,Italy,Milan,Italian Serie A,83,83,26500000,115000,"CM, LW",High,3,3,CM,78,77,82,83,67,73,0,,,,,,,74,82,70,60,84,78,80,83,78,78,80,85,79,78,78,81,82,77,79,84,69,87,69,86,75,68,72,78,82,68,82,66,60,72,68
S. Kagawa,28,175,68,Japan,Borussia Dortmund,German Bundesliga,83,83,26000000,75000,"CAM, CF",Medium,3,4,CAM,70,68,76,87,34,49,0,,,,,,,67,60,76,42,84,75,76,87,74,63,73,85,80,76,65,92,81,88,59,56,66,80,39,55,67,30,56,80,82,78,81,27,30,24,27
J. Pastore,28,187,78,Argentina,Paris Saint-Germain,French Ligue 1,83,83,25500000,100000,"CM, LW, RW",High,3,4,CM,71,75,83,85,58,64,0,,,,,,,75,77,73,63,87,78,82,88,83,69,83,87,72,69,72,79,83,58,66,78,49,67,64,76,75,65,69,78,86,75,79,53,49,59,51
N. Matiƒá,28,194,85,Serbia,Manchester United,English Premier League,83,83,21000000,140000,"CDM, CM",Medium,3,3,LDM,64,70,76,72,80,87,0,,,,,,,73,68,64,77,83,74,72,72,68,67,78,78,63,62,66,56,82,53,80,78,71,89,89,75,77,83,85,68,75,69,84,77,75,83,75
N. Otamendi,29,183,81,Argentina,Manchester City,English Premier League,83,83,20000000,140000,CB,High,3,2,LCB,63,56,59,54,83,81,0,,,,,,,63,52,53,83,71,56,52,41,50,39,66,64,67,62,64,69,78,62,73,69,86,76,80,56,66,90,85,49,45,44,84,82,81,83,84
Iago Aspas,29,176,67,Spain,RC Celta,Spain Primera Division,83,83,26000000,39000,"ST, RW",High,2,3,RW,81,83,73,85,29,63,0,,,,,,,79,67,86,78,80,86,78,85,83,76,64,84,82,84,79,88,86,77,71,79,68,70,59,80,67,63,36,85,68,80,73,19,20,21,18
Vitolo,27,184,80,Spain,UD Las Palmas,Spain Primera Division,83,83,27000000,68000,"LM, RM",High,2,3,LM,80,77,79,83,28,76,0,,,,,,,76,80,79,65,81,75,78,86,76,62,82,85,75,81,79,75,80,63,76,77,70,81,81,73,64,61,25,80,78,74,70,23,25,21,23
G. Donnarumma,18,196,90,Italy,Milan,Italian Serie A,82,94,28500000,35000,GK,Medium,3,1,GK,,,,,,,75,88,78,72,88,50,78,15,12,12,12,34,8,20,24,12,14,24,28,55,46,54,64,74,38,44,24,72,34,72,18,35,30,26,14,50,24,68,14,12,14,16
L. San√©,21,183,75,Germany,Manchester City,English Premier League,82,91,34500000,125000,"LW, RW, LM",High,2,3,LW,94,77,72,86,35,70,0,,,,,,,73,76,78,72,75,64,75,87,82,62,64,84,87,93,94,89,79,82,74,78,66,80,70,77,63,58,32,82,69,63,76,31,26,32,35
Sa√∫l,22,181,70,Spain,Atletico Madrid,Spain Primera Division,82,90,32000000,59000,"CM, RM",Medium,3,3,LCM,73,69,78,81,77,75,0,,,,,,,67,69,71,83,85,30,73,82,63,60,80,84,74,72,73,76,82,68,75,74,79,80,76,70,72,66,78,79,79,54,80,76,69,82,77
A. Martial,21,181,76,France,Manchester United,English Premier League,82,90,33000000,115000,"LM, ST",Medium,3,4,ST,90,79,70,86,41,74,0,,,,,,,74,73,81,70,75,74,72,88,79,54,58,84,85,92,89,85,81,82,77,84,80,79,76,70,67,59,42,79,70,74,78,37,35,39,38
K. Bald√© Diao,22,181,80,Senegal,AS Monaco,French Ligue 1,82,90,32500000,46000,"LW, ST",High,2,4,LW,92,76,72,86,29,70,0,,,,,,,71,75,79,58,76,68,72,87,70,52,64,89,84,93,92,82,76,77,73,78,66,73,76,74,62,54,31,78,73,58,79,24,17,29,28
Deulofeu,23,177,73,Spain,FC Barcelona,Spain Primera Division,82,89,31000000,165000,"LW, RW",High,3,4,LW,93,70,75,88,26,61,0,,,,,,,66,76,70,40,79,68,80,89,84,78,62,87,87,93,93,93,78,79,69,72,72,78,59,65,61,40,25,78,74,78,76,24,20,30,22
C. Tolisso,22,181,78,France,FC Bayern Munchen,German Bundesliga,82,89,30500000,98000,"CM, CDM",High,2,3,CM,74,76,78,78,76,83,0,,,,,,,74,67,75,82,85,62,75,77,66,73,82,80,76,79,69,77,82,73,83,82,89,86,81,78,76,81,76,79,79,70,74,73,72,78,71
M. Kovaƒçiƒá,23,178,77,Croatia,Real Madrid,Spain Primera Division,82,88,30000000,150000,"CM, CDM",High,3,4,CM,81,69,82,85,61,69,0,,,,,,,68,73,62,42,87,76,80,88,78,68,82,87,75,85,77,77,68,70,71,79,63,77,65,75,71,71,70,69,88,59,72,61,52,69,63
L. Goretzka,22,189,79,Germany,FC Schalke 04,German Bundesliga,82,88,30000000,46000,"CM, CAM, CDM",High,3,3,RCM,84,73,79,80,77,76,0,,,,,,,73,73,71,74,83,68,77,80,76,72,78,82,79,83,85,76,83,72,75,76,67,86,68,78,76,84,82,77,79,60,78,76,73,78,78
Andr√© Gomes,23,188,84,Portugal,FC Barcelona,Spain Primera Division,82,88,30000000,150000,"CM, LW, CAM",Medium,3,3,CM,68,71,78,78,71,81,0,,,,,,,69,61,68,69,84,63,78,81,82,68,83,80,69,71,66,67,79,64,74,80,58,78,85,73,75,81,76,77,83,55,78,68,65,77,64
F. Bernardeschi,23,183,75,Italy,Juventus,Italian Serie A,82,88,30500000,110000,"RM, CF, LM",High,2,4,RM,84,76,77,86,34,65,0,,,,,,,69,77,73,48,80,70,80,86,79,80,70,87,82,84,84,85,80,79,71,80,49,83,63,82,66,52,34,80,78,72,83,32,28,36,32
J. Tah,21,192,92,Germany,Bayer 04 Leverkusen,German Bundesliga,82,88,26000000,47000,CB,Medium,2,2,RCB,72,27,58,58,82,78,0,,,,,,,46,35,19,80,74,24,49,55,30,27,69,64,62,64,78,48,81,39,58,44,71,60,91,25,57,70,80,27,61,38,70,82,82,86,80
T. Bakayoko,22,185,77,France,Chelsea,English Premier League,82,88,26000000,105000,"CDM, CM",Medium,2,2,LCM,73,49,70,75,81,83,0,,,,,,,56,54,39,72,80,36,63,75,49,37,78,78,70,75,72,66,78,62,73,72,78,86,82,51,70,85,81,60,75,45,74,82,80,84,82
E. Dier,23,188,90,England,Tottenham Hotspur,English Premier League,82,87,25000000,85000,"CB, CDM",Medium,2,2,RDM,72,63,71,65,81,85,0,,,,,,,66,67,52,83,76,52,68,66,54,77,77,70,63,70,74,56,76,40,79,83,77,80,87,72,72,90,80,53,66,70,77,81,79,82,83
Suso,23,176,70,Spain,Milan,Italian Serie A,82,87,29500000,110000,RW,High,3,4,RW,82,75,81,87,23,51,0,,,,,,,71,81,70,50,83,72,83,87,84,80,75,89,82,84,80,86,78,86,67,78,50,77,50,82,58,23,20,76,82,72,76,20,19,23,18
R. Sterling,22,170,69,England,Manchester City,English Premier League,82,87,29500000,140000,"RW, RM, LM",High,3,4,RW,93,71,74,85,46,61,0,,,,,,,64,73,73,38,81,59,69,85,64,49,67,84,89,94,92,91,79,92,67,68,60,75,64,70,58,34,26,81,75,63,74,53,48,58,54
Sergio Rico,23,194,88,Spain,Sevilla FC,Spain Primera Division,82,87,21500000,16000,GK,Medium,2,1,GK,,,,,,,75,79,80,78,83,52,82,16,17,14,11,23,15,18,14,24,20,23,12,57,50,53,62,80,43,38,19,63,31,67,12,26,27,23,11,45,24,29,13,18,11,11
T. Werner,21,180,75,Germany,RB Leipzig,German Bundesliga,82,87,30500000,68000,ST,High,3,3,LS,91,79,65,81,28,65,0,,,,,,,77,69,86,74,76,81,64,81,62,42,55,82,84,92,91,79,84,76,71,74,77,78,59,67,63,63,37,85,57,68,70,18,17,20,19
Willian Jos√©,25,189,93,Brazil,Real Sociedad,Spain Primera Division,82,86,29000000,42000,ST,Medium,2,3,ST,67,82,65,76,37,77,0,,,,,,,76,54,84,84,79,80,69,79,68,71,48,80,64,65,68,60,81,50,77,83,72,67,87,76,66,65,35,85,63,80,73,30,29,32,30
I√±igo Mart√≠nez,26,182,79,Spain,Real Sociedad,Spain Primera Division,82,86,24000000,37000,CB,Medium,2,2,LCB,71,56,63,61,82,79,0,,,,,,,56,51,42,78,74,37,64,53,72,51,77,70,69,70,72,67,75,64,78,81,89,72,78,74,62,86,82,48,46,39,72,83,85,81,84
S. Saviƒá,26,187,79,Montenegro,Atletico Madrid,Spain Primera Division,82,86,24000000,62000,CB,Medium,2,2,CB,63,35,52,56,83,74,0,,,,,,,48,35,34,81,67,27,48,47,34,28,69,66,63,60,65,60,78,54,59,43,85,60,77,31,58,83,84,29,41,37,75,83,85,82,84
A. R√ºdiger,24,190,85,Germany,Chelsea,English Premier League,82,86,24500000,105000,"CB, RB",Medium,2,2,CB,74,40,64,63,82,79,0,,,,,,,55,68,27,78,70,34,56,59,34,56,65,68,68,73,75,63,82,50,66,70,74,65,83,40,61,89,79,33,57,40,73,82,82,84,81
G. Wijnaldum,26,175,69,Netherlands,Liverpool,English Premier League,82,85,27000000,130000,"CM, CAM",High,3,3,RCM,81,75,76,84,66,74,0,,,,,,,73,67,74,72,83,73,77,85,76,70,74,84,81,79,82,82,82,80,77,78,82,87,71,71,74,64,70,82,78,74,79,64,60,69,64
V. Wanyama,26,184,87,Kenya,Tottenham Hotspur,English Premier League,82,85,23000000,99000,"CDM, CM",Medium,2,2,CDM,64,66,70,74,82,91,0,,,,,,,67,63,63,73,78,60,67,74,62,57,70,76,69,60,68,71,84,66,80,79,81,88,93,63,74,90,84,65,67,65,76,81,79,86,79
X. Shaqiri,25,169,72,Switzerland,Stoke City,English Premier League,82,85,28000000,85000,"RM, RW",High,3,4,RW,83,77,78,85,46,65,0,,,,,,,67,74,72,37,80,76,80,85,82,78,76,83,85,87,79,88,80,92,73,85,63,74,62,81,71,64,65,78,79,65,79,43,40,41,48
G. Xhaka,24,185,82,Switzerland,Arsenal,English Premier League,82,85,27500000,110000,"CM, CDM",Medium,3,3,LCM,50,66,79,72,72,78,0,,,,,,,62,66,49,62,85,50,74,70,68,70,86,80,59,48,51,53,83,61,73,88,39,78,76,85,76,92,77,77,82,59,74,70,71,73,68
H. Son,24,183,77,Korea Republic,Tottenham Hotspur,English Premier League,82,85,28000000,95000,"LM, RM, ST",High,3,4,LM,86,83,75,83,25,66,0,,,,,,,74,75,83,65,78,73,76,85,81,70,64,82,82,87,86,79,81,77,75,83,65,80,62,86,66,60,29,83,78,71,78,19,17,19,23
Lucas,24,172,72,Brazil,Paris Saint-Germain,French Ligue 1,82,85,28000000,92000,"RW, LW",Medium,3,4,RW,93,74,75,86,45,62,0,,,,,,,68,75,72,50,77,70,77,88,69,74,74,82,88,95,92,94,75,87,69,79,71,68,56,71,70,67,50,78,73,75,79,44,39,43,51
D. Klaassen,24,179,70,Netherlands,Everton,English Premier League,82,85,27500000,110000,"CM, CAM",High,2,2,LCM,73,80,74,74,67,79,0,,,,,,,76,63,82,74,83,82,66,72,62,44,75,81,72,73,73,67,84,64,79,78,74,92,74,78,76,76,68,84,78,75,80,65,59,74,62
F. Thauvin,24,179,70,France,Olympique de Marseille,French Ligue 1,82,85,28000000,40000,"RW, RM",High,2,4,RW,82,76,78,84,36,63,0,,,,,,,74,82,74,69,81,67,75,86,80,54,75,83,80,88,77,81,83,71,72,82,64,71,62,81,65,56,43,80,78,57,80,29,29,29,31
Manu Trigueros,25,178,71,Spain,Villarreal CF,Spain Primera Division,82,85,27500000,43000,"CM, CDM, CAM",Medium,2,4,RCM,73,74,80,81,65,69,0,,,,,,,73,69,71,76,86,63,78,81,78,69,82,84,75,73,73,78,81,71,77,81,83,79,63,80,72,68,69,77,83,65,73,61,53,73,58
Q. Promes,25,174,72,Netherlands,Spartak Moscow,Russian Premier League,82,85,28000000,76000,"RM, ST, LM",High,2,4,LM,89,81,76,83,29,67,0,,,,,,,72,75,82,60,76,68,77,83,75,76,69,82,84,86,91,87,81,78,77,82,82,81,61,83,66,60,27,79,81,72,78,25,25,24,27
N. Fekir,23,173,78,France,Olympique Lyonnais,French Ligue 1,82,85,28000000,70000,"CAM, ST",Medium,3,4,CAM,80,79,77,86,31,73,0,,,,,,,70,73,78,49,80,74,79,86,80,71,72,86,82,79,80,84,76,91,75,84,69,67,77,81,68,69,28,79,78,72,85,29,24,33,30
J. Henderson,27,182,67,England,Liverpool,English Premier League,82,84,21500000,115000,"CDM, CM",High,2,3,CDM,72,70,83,76,76,81,0,,,,,,,74,81,67,65,85,72,78,74,80,74,83,80,73,73,71,73,79,71,79,75,81,93,76,71,76,80,79,76,82,64,78,76,73,80,76
W. Szczƒôsny,27,196,85,Poland,Juventus,Italian Serie A,82,84,18000000,90000,GK,Medium,3,1,GK,,,,,,,74,83,77,74,87,49,78,17,12,12,16,32,14,19,11,16,14,36,22,57,51,47,55,81,51,42,15,71,45,65,14,33,40,15,14,48,18,65,12,11,13,12
K. Trapp,26,189,88,Germany,Paris Saint-Germain,French Ligue 1,82,84,18500000,71000,GK,Medium,2,1,Gk,,,,,,,75,80,78,79,84,49,84,14,13,13,11,25,12,14,10,14,12,12,24,51,45,52,42,79,37,45,22,75,45,73,13,29,30,22,12,45,17,48,11,10,14,10
N. Clyne,26,175,67,England,Liverpool,English Premier League,82,84,22000000,115000,RB,High,2,3,RB,83,61,71,77,80,76,0,,,,,,,64,79,54,67,77,45,64,76,64,39,67,76,80,82,83,83,76,76,74,74,69,87,71,69,68,76,79,72,64,46,75,83,81,83,86
O. Baumann,27,187,82,Germany,TSG 1899 Hoffenheim,German Bundesliga,82,84,18000000,37000,GK,Medium,2,1,GK,,,,,,,73,82,82,64,84,49,81,16,14,11,16,30,11,16,19,12,11,25,17,53,47,51,45,81,43,43,21,73,39,69,13,29,32,21,10,41,22,52,14,10,18,14
A. Florenzi,26,173,67,Italy,Roma,Italian Serie A,82,84,22000000,73000,"RB, RW, CM",High,3,3,RB,85,79,78,82,76,76,0,,,,,,,78,77,76,70,82,87,78,79,73,79,75,84,84,86,84,87,79,84,79,82,74,90,68,82,78,79,77,82,75,76,79,76,73,79,78
D. Rose,26,174,76,England,Tottenham Hotspur,English Premier League,82,83,21000000,99000,"LB, LWB",Medium,3,3,LB,81,63,73,78,81,78,0,,,,,,,68,81,57,62,76,64,68,79,64,57,66,76,78,80,81,73,82,76,74,72,75,81,74,69,73,87,81,68,73,57,73,83,82,84,85
L. Bender,28,185,81,Germany,Bayer 04 Leverkusen,German Bundesliga,82,83,20000000,64000,"CDM, CM",High,3,2,CM,68,64,73,72,82,79,0,,,,,,,68,69,59,78,79,57,63,72,49,47,74,75,69,66,69,65,82,63,77,74,77,87,76,71,74,78,87,69,76,52,83,81,76,85,82
A. Ramsey,26,183,76,Wales,Arsenal,English Premier League,82,83,25500000,130000,"CM, CDM, RM",High,3,3,RCM,68,75,79,81,65,75,0,,,,,,,73,75,72,58,84,79,76,81,70,70,80,82,73,67,68,76,81,75,76,81,67,89,69,74,76,73,69,82,80,75,81,65,60,70,67
C. Immobile,27,185,85,Italy,Lazio,Italian Serie A,82,83,26000000,70000,ST,High,3,3,ST,81,83,61,77,38,74,0,,,,,,,73,55,86,75,70,81,65,77,70,51,49,79,77,77,85,77,85,63,76,86,77,71,74,76,70,77,40,86,62,76,81,32,31,33,32
V√≠ctor Ru√≠z,28,184,80,Spain,Villarreal CF,Spain Primera Division,82,83,20000000,43000,CB,Medium,2,2,LCB,58,42,64,60,83,81,0,,,,,,,56,54,37,77,75,39,61,53,67,46,70,71,61,54,61,56,77,58,66,59,78,74,85,38,63,82,83,39,56,46,72,84,83,84,85
M. Rojo,27,187,80,Argentina,Manchester United,English Premier League,82,83,21000000,130000,"CB, LB",Medium,3,3,CB,71,59,69,68,81,83,0,,,,,,,65,75,50,82,72,49,66,67,67,57,73,68,70,70,71,72,77,64,77,79,85,79,82,63,70,92,80,57,57,64,74,80,79,82,80
Lucas V√°zquez,26,173,70,Spain,Real Madrid,Spain Primera Division,82,83,26000000,185000,"RW, RM",High,2,3,RW,81,75,81,82,39,67,0,,,,,,,69,85,77,52,81,54,79,82,82,75,75,83,81,83,79,82,85,78,73,77,67,90,57,78,66,65,44,81,82,56,72,35,21,49,35
J. Seri,25,168,65,Ivory Coast,OGC Nice,French Ligue 1,82,83,26000000,45000,"CM, CDM",High,2,2,LDM,80,71,82,81,72,74,0,,,,,,,67,72,69,60,87,47,81,79,77,81,84,84,81,84,77,83,77,86,76,78,76,79,72,76,76,73,74,77,84,67,83,72,73,75,69
R. Jarstein,32,190,82,Norway,Hertha BSC,German Bundesliga,82,82,12500000,30000,GK,Medium,2,1,GK,,,,,,,74,78,81,72,85,43,87,19,18,13,16,34,16,18,11,10,14,34,23,47,40,46,35,73,45,39,21,59,31,70,18,28,34,19,15,37,13,55,12,13,11,13
S. Lichtsteiner,33,182,75,Switzerland,Juventus,Italian Serie A,82,82,8500000,115000,"RB, RM",High,3,2,RB,77,59,73,76,80,77,0,,,,,,,67,82,45,72,77,62,71,76,68,66,71,75,78,76,78,77,82,79,74,74,75,83,72,70,72,82,82,66,62,64,80,80,78,82,82
David Villa,35,175,69,Spain,New York City FC,USA Major League Soccer,82,82,10000000,12000,ST,High,3,4,ST,69,83,74,82,31,69,0,,,,,,,75,71,86,67,76,79,79,83,83,80,67,85,74,72,67,75,83,75,73,81,67,76,66,79,71,67,29,86,75,88,83,29,22,28,38
Fernandinho,32,179,67,Brazil,Manchester City,English Premier League,82,82,12500000,130000,"CDM, CM, RB",Medium,3,3,CM,73,73,76,78,77,78,0,,,,,,,69,68,69,55,82,74,75,77,70,71,79,78,76,73,73,77,82,79,77,83,72,80,75,78,74,86,85,68,75,61,73,77,72,83,77
A. Turan,30,175,76,Turkey,FC Barcelona,Spain Primera Division,82,82,20500000,170000,"CM, RW, LW",High,3,4,CM,71,73,81,84,61,72,0,,,,,,,77,82,71,70,83,80,79,85,81,64,80,86,76,75,68,82,80,76,73,73,78,69,70,76,76,80,61,81,83,73,83,60,54,63,65
Raffael,32,174,69,Brazil,Borussia Monchengladbach,German Bundesliga,82,82,17500000,54000,"CF, ST",High,2,4,LS,72,79,80,86,41,67,0,,,,,,,75,73,81,63,84,75,80,87,80,73,77,87,79,77,68,84,84,83,72,77,71,74,63,78,72,66,53,82,83,72,79,34,29,42,31
M. G√≥mez,31,189,88,Germany,VfL Wolfsburg,German Bundesliga,82,82,20000000,85000,ST,High,3,2,RS,72,82,62,73,28,78,0,,,,,,,75,62,84,83,69,78,60,74,68,36,50,75,68,68,75,63,81,53,78,82,76,69,86,78,66,72,20,84,62,74,85,21,20,24,20